Santiago Lionel,Lorca,30904465,1999-03-17,2201
Agustin Emanuel,Zambrano,21689196,2000-05-10,9325
Tiago Nicolás,Rivera,34407251,2001-08-29,1033
Camila Rocio,Varela,37130775,1995-05-09,4179
Diego Agustin,Mamani,33259835,1991-01-08,1931
Marcos Nahuel,Rotman,28625624,2002-09-04,8117
Kiara Valentina,Basile,32250087,1987-05-17,7364
Joaquin Sebastian,Rivera,21104770,1980-12-11,7737
Milagros Jazmin,Sosa,37840762,1991-12-20,6219
Diego Alejandro,Sánchez,33132631,1987-07-29,3439
Rodrigo Gabriel,Varela,35387663,1999-07-11,1537
Gonzalo Joaquin,Leal,35404267,1994-04-01,7993
Tiago Benjamin,Saldaña,39589706,1986-09-19,464
Facundo Benjamin,Pérez,27469637,1990-12-16,6386
Antonella Belén,Rotman,21017805,1999-02-11,7090
Emilio,Santos,26465131,1995-12-27,9952
Ignacio Nahuel,Castillo,29789035,1981-05-09,34
Alan Leonel,González,28975550,1996-12-01,7297
Julieta Abigail,Mancuso,38048460,1989-01-27,4363
Maria Isabel,Santana,35109636,1991-07-19,3748
Ana Gabriela,Rodríguez,20322847,1989-03-01,9685
Sofia Ayelen,Pérez,20025664,1988-10-15,1674
Gianella,Rivera,34563722,1980-03-25,5200
Juan Segundo,Casares,31707681,1982-11-22,501
Ailen,Benítez,36688485,1992-09-18,365
Jonathan,Pérez,36556481,2003-10-05,416
Alex,López,24903795,1985-02-27,8870
Sol Agustina,Farina,37961297,1983-09-23,150
Tiago Agustin,Portillo,35595327,1999-08-25,6245
Ariadna,Agüero,29301126,2001-02-12,3548
Kiara Aylen,Surace,25488689,1987-02-19,6915
Javier,Nave,27932478,1987-07-23,475
Cristian Ezequiel,Hernández,29612281,1997-07-04,8644
Daniel Agustin,Borges,34109372,2003-04-11,3632
Juan Roman,Rojas,34498275,1983-05-13,7174
Leonardo Gabriel,Marino,23212056,1981-04-08,8123
Gonzalo Emanuel,Santos,25460140,1994-10-26,9058
Maximo Gabriel,Santos,24324515,1994-10-20,3818
Miguel Alejandro,Loreto,35954721,1980-06-09,5663
Gastón Ezequiel,Pérez,32725250,1992-08-24,3782
Rodrigo Emanuel,Moreno,27836237,1980-11-16,3584
Lucas Valentin,Sánchez,32684732,2003-10-02,7530
Brenda Magali,Gutiérrez,21102535,1987-03-27,4747
Lucas Matias,Maradona,24157753,2001-01-01,352
Fernando Agustin,Sala,23447363,1997-09-05,6818
Gonzalo David,Portillo,24845422,1992-11-10,9116
Lucas Ivan,Flores,20471656,1994-06-24,1638
Joaquín Emanuel,Castillo,33463285,1985-02-24,3045
Francisco Gabriel,Soto,24658027,1991-11-18,4856
Tiago Nahuel,Castro,22073023,1980-09-20,1980
Ezequiel Agustin,Flores,38262126,1982-08-23,5450
Cristian Daniel,Sala,29034529,2002-01-30,8205
Valentina Nahir,Rosso,26279586,1995-12-09,6915
Rocio Ailen,Sotomayor,37628215,1990-11-19,8318
Valentina Sofia,Nari,28413917,1983-06-02,3110
Tomas Leonel,Fava,36815862,1993-01-30,4970
Agustina Ailen,Mariani,23990518,1999-09-30,4655
Lucia Valentina,Huergo,30209599,1997-01-04,9626
Victoria Belen,Pereyra,26526190,1985-03-04,8181
Iara Belen,Benítez,21778852,1981-03-28,8278
Kiara Belen,Pineda,37030334,1980-06-15,6444
Antonio,Quispe,31176841,1982-01-04,9650
Lautaro Joel,Goicochea,39582518,1983-06-05,565
Jonathan David,García,31429250,1998-11-24,7868
Luciano Nahuel,Rómulo,34971716,1986-01-19,3977
Renzo,Mora,30910109,1997-01-13,6623
Camila Antonella,Rotman,20240135,1986-06-03,6788
Leonardo Ezequiel,Hernández,27991634,1980-11-23,2834
Cristian Ariel,Hidalgo,31837152,2002-08-16,6014
Brisa Abril,Godoy,24309570,1985-02-10,8991
Lourdes Milagros,Espinoza,33801994,2002-12-07,6139
Jimena,Casares,23392652,1981-02-05,1416
Lautaro Ismael,Casares,32954879,1987-03-13,7191
Micaela Abigail,Leiva,29530320,2001-06-16,8330
Alexis Daniel,Gómez,24200679,1995-01-20,1768
Luna Morena,Marchi,34299442,1991-12-21,2682
Mauro Ezequiel,Mamani,31859994,1997-03-07,8535
Lourdes Abigail,González,28162197,1981-10-18,6443
Agustin Ariel,Silva,22881865,1994-04-09,6070
Joaquin Tomas,Hoffmann,27944796,2003-07-11,8023
Franco Ariel,Farías,28169339,1990-02-07,484
Ariana Abigail,Ibáñez,25594255,1990-12-07,7689
Pablo Gabriel,Nari,33400149,1991-11-18,712
Lautaro Ivan,Pineda,35478788,1982-08-14,5054
Thiago Alejandro,García,22435130,1984-01-22,9718
Facundo Javier,Mejía,25048826,1985-01-23,9472
Santiago Matias,Rotman,38576076,2003-12-13,6448
Axel Joel,Pavón,21588464,1981-03-07,2791
Franco Valentin,Jiménez,27423553,1990-08-03,2762
Jose Gabriel,Zurich,27116144,1987-05-10,8228
Valentin Ezequiel,Martínez,26573110,2004-05-17,3718
Facundo Alejandro,Hoffmann,36167115,1984-08-01,201
Luciana Abigail,Flores,33869950,1981-01-11,3268
Mariano Agustin,Nave,23769596,1998-04-07,8841
Brisa Ailen,Leiva,30925064,1999-01-05,8983
Milagros Lucia,López,27098055,1991-09-14,3803
Ivan Alejandro,Leiva,27645568,1989-10-27,6626
Nicolas Ariel,Ramírez,26576026,1981-05-03,8417
Lucas Ignacio,Hoffmann,25950153,1998-09-28,5633
Alejo Agustin,Duarte,38618547,2004-04-06,9466
Sol Valentina,Vargas,25125952,1997-10-16,5788
Priscila Abril,Martínez,38466819,1981-04-24,7522
Luka,Agüero,22925249,1999-01-11,4411
Mauro,Pedone,34204561,1989-03-17,8978
Facundo David,Duarte,38053506,1992-01-18,9976
Agustin Sebastian,Sala,20995239,1999-04-16,93
Jonathan Gabriel,Leiva,34485413,1999-12-11,6286
Kevin Leonel,Moreno,34226329,2001-05-26,8396
Camila Valentina,Villalba,34747200,1984-03-17,2117
Agustin Nahuel,Maradona,27715748,1995-01-30,8498
Tobias Valentín,Fazzi,29260714,1980-11-21,9197
Brisa Antonella,Vera,26031735,1999-03-27,3366
Gregorio,Carrizo,30241653,1996-11-05,6981
Donato,Silva,29998476,1993-11-09,919
Axel Ariel,Huergo,30924175,1990-12-24,7882
Martina Guadalupe,Huarte,20885854,1990-05-31,5975
Melany,Maradona,32821471,1996-08-15,9338
Maria Alejandra,Abadía,34886103,1981-12-15,9083
Pablo Sebastián,Varela,39077892,1990-01-05,3274
Gabriela,Farías,20645852,2002-11-30,8269
Agustin Tomas,Farías,29635032,1980-04-21,6773
Abril Micaela,Castillo,21753538,2001-09-22,7945
Valentin Nicolas,Galán,39951086,1994-03-14,5845
Camila Victoria,Vasile,22585587,1989-06-07,6789
Diego Ezequiel,Goicochea,25484773,1994-01-17,5670
Enzo Nicolás,Villalba,28661370,1987-06-06,25
Elias Benjamin,Maradona,27171599,1981-02-27,8822
Maximo Nicolas,Sorbera,33666783,2000-03-09,8849
Camila Guadalupe,Morales,27041308,1996-03-06,5425
Berenice,Villalba,30677560,1985-05-14,7506
Luciano Martin,Saldaña,31419924,2001-07-02,9828
Valentina Pilar,Álvarez,23474471,1982-03-23,458
Brisa Agustina,Reyes,39123425,1997-01-03,3761
Franco Martin,Basile,22964362,2000-03-21,2903
Kevin Uriel,Arredondo,22490294,1991-06-09,9023
Lucas Tomás,Arellano,38386490,1994-09-30,9575
Dylan Nahuel,Schapira,37298338,1999-09-26,2961
Marcos David,Farina,24017793,1984-05-14,1500
Brisa Belen,Maradona,22213134,2004-07-27,9028
Federico Gabriel,Reyes,25158945,1987-01-15,4182
Mirko,Pavón,34396268,2003-10-31,531
Tiago Ezequiel,Martínez,20705712,1991-08-07,1154
Natalia,Pineda,26319247,1981-12-08,1363
Matías Javier,Nave,26405446,1996-12-25,273
Ariel Alejandro,Amenedo,22626512,1993-07-20,7421
Solana,Delgado,20048025,2002-02-04,238
Milagros Celeste,D'Elia,28954498,1994-06-14,4607
Luz,Ramírez,37328366,1997-05-03,4088
Mia Abril,Díaz,32904778,2003-12-22,4401
Facundo Manuel,De Luca,35637612,1983-05-11,1793
Guido,Arellano,37749931,1996-07-26,3024
Adrian,Basile,34214312,1987-06-09,5643
Luciano Andres,Sojero,23385395,1980-04-22,4756
Milagros De Los Angeles,Vargas,38379532,2002-01-11,1138
Candela Lucia,Gonzales,25504380,1989-05-30,2743
Nahuel Nicolas,Gómez,32699860,1987-08-02,2615
Kevin Gabriel,Fornerón,34112271,1986-05-03,4181
Gonzalo Benjamín,Leal,20421847,2003-12-29,8640
Cristian David,Totora,25134334,1987-07-05,2754
Agustin Ignacio,Farías,22176632,1990-11-14,4471
Lucas Damian,Moreno,39559098,1996-01-02,4824
Carlos Alberto,Farías,33114579,2002-08-12,7449
Juan Daniel,Salem,27531133,1993-03-21,5275
Elena,Reyes,30191244,1994-06-24,8134
Kiara Agustina,Castro,28309290,1985-06-22,7762
Matilda,Moreno,31458134,2004-05-19,1870
Abril Antonella,Hernández,31134443,1991-06-23,387
Lionel Agustin,Rebollo,33092255,1994-04-30,5111
Segundo,Salamone,33738684,1985-05-15,6333
Angela,Demichelis,31044987,1993-05-01,5625
Rocio Abril,Rivera,28049321,1986-02-22,6896
Daiana,Rodríguez,20918705,1987-12-11,3080
Axel Maximiliano,Hernández,22805508,2002-11-15,4233
Alan David,Marini,33147606,1994-08-22,1781
Florencia Micaela,Sosa,36277148,2003-03-22,4152
Diego Nicolas,Sojero,36108379,2002-01-28,8357
Mauricio Nicolas,Scioti,39499965,1983-05-13,3425
Priscila Milagros,Huarte,28581696,1992-03-15,9922
Maria Catalina,Gómez,35464778,1998-05-12,7072
Axel Javier,García,23759022,1999-05-22,341
Victoria Valentina,Rosso,29551822,1999-03-19,3692
Martiniano,Sala,32206030,1993-05-07,292
Juan Diego,Sánchez,28901425,1982-05-17,6509
Diego Armando,Arellano,21140419,1989-04-11,2399
Agustin Maximiliano,Castro,33244888,1988-05-15,578
Maria Trinidad,Villalba,39120916,1987-02-10,2625
Margarita,Marín,29250837,1986-09-22,7301
Evelyn,Godoy,27006807,1985-02-06,8295
Diego Martin,Rebollo,28280681,1989-03-08,6990
Alexis Sebastian,Farina,32729973,1995-08-21,8924
Priscila Jazmin,Santos,28536973,1992-12-24,3614
Julieta Agustina,Agüero,23261311,1991-04-02,8463
Brenda Abigail,Lorca,20763831,1987-05-31,7386
German,Pedone,34525509,1981-03-28,3656
Axel Rodrigo,Fornerón,24534309,1993-04-02,8583
Kevin Joel,Casares,39657306,1980-02-04,502
Micaela Soledad,Rosso,36297888,1989-10-28,6470
Jose Fernando,Morales,34380105,1990-04-25,9434
Francisco Ezequiel,Rodríguez,35079455,1992-05-30,5263
Franco Javier,Scioti,32765329,1999-12-12,6984
Federico Nahuel,Portillo,30242521,1987-05-09,963
Kevin Alejandro,Reyes,23443672,1984-09-09,4892
Nicolas Daniel,Pérez,31183601,2000-02-04,2059
Priscila Ailen,Zurich,29857805,1993-04-04,3475
Maria Elena,Fernández,32660247,2003-03-27,777
Cristian Alejandro,Gonzales,37439537,1995-12-18,5019
Celeste Milagros,Varela,33552232,1998-10-23,1158
Priscila Nicole,Scioti,20376725,1997-02-11,1252
Maximo Joaquin,León,36414099,1986-09-25,5084
Micaela Aylen,León,35424909,1991-08-19,4880
Ezequiel Nicolas,D'Elia,37289039,1989-07-04,2592
Rocio Jazmin,Portillo,31313249,1999-05-12,6818
Candela Guadalupe,Sotomayor,28367629,1984-07-29,9255
Franco Lautaro,Giordano,29523698,1982-11-19,4134
Maria Mercedes,Castillo,28356794,2002-03-03,2136
Axel Sebastian,Vasile,22461266,1993-11-09,138
Kevin Ariel,Portillo,28546760,1981-04-20,9186
Candela Ailen,Mariani,33575020,1988-02-03,621
Brandon Ezequiel,Pedone,38033754,1999-02-09,9676
Juan Ramon,Valenzuela,25638901,1985-05-30,3565
Angeles,Flores,39387196,1996-12-26,9343
Axel Benjamin,Zurich,27573524,2003-10-06,7550
Faustina,Salvador,38024379,1997-01-24,2810
Axel Emanuel,Nari,21672432,1983-05-07,8337
Alina,Lorca,34362973,1990-08-02,613
Paula Valentina,Andrade,38030827,1983-05-17,6192
Thiago Daniel,Totora,38588163,1987-05-25,3283
Sabrina,Vasile,35598929,1995-10-19,5684
Nicolas Nahuel,Salvador,21179346,1989-02-21,1622
Pablo Daniel,Rebollo,24348950,1988-10-17,3371
Nicolas Andres,Hoffmann,28077918,1997-11-11,9394
Maria Antonella,Marín,21172428,2002-09-02,7093
Martina Pilar,Varela,21030209,1999-01-06,9689
Bautista Ezequiel,Rivera,25729822,1995-03-12,3180
Lara Agustina,Pinedo,31431709,1999-04-07,8066
Joaquin Ariel,Gonzales,39694174,1982-03-17,1710
Tomas Uriel,Nari,23118056,1988-01-03,6390
Lautaro Maximiliano,Vasile,38854417,1990-04-15,4850
Santiago Román,Amenedo,31530518,1994-03-11,8259
Valentina,Santos,34220500,1995-10-24,8188
Santiago,Sosa,21795517,1980-06-06,281
Martina,Villalba,35828583,1996-01-07,5330
Joaquin,Lorca,24869816,1990-02-19,6591
Juan Ignacio,Saldaña,26932679,1989-08-22,4609
Sofia,Gonzales,28092453,1985-06-07,296
Tomas,González,21321046,2002-03-22,2571
Bautista,Maradona,26529875,2000-08-11,3290
Mateo,Vargas,33951488,2002-08-11,5369
Catalina,Vargas,22989374,1999-04-29,9229
Benjamin,Hoffmann,36776169,1985-06-12,2214
Agustin,Amenedo,24400101,2001-06-30,5555
Santino,Godoy,39568913,1998-04-05,7032
Juan Cruz,Pineda,38560361,1991-01-28,3490
Camila,Pérez,36746786,1989-06-14,4366
Francisco,Rojas,39054126,1986-09-28,1579
Ignacio,Scioti,39899807,1995-12-27,6213
Lautaro,Rivas,26454417,1996-09-19,8972
Juan Pablo,Scioti,27930624,1986-04-09,5633
Valentino,Salem,20173344,1998-03-28,8754
Lucia,Rotman,39045077,1999-04-11,7938
Delfina,Nessi,29925842,1995-11-07,8724
Agustina,Sorbera,38852676,1994-10-30,3844
Abril,Delgado,31697271,1980-03-04,1070
Victoria,Álvarez,34277360,1995-02-14,661
Guadalupe,Borges,28487152,1981-01-25,1387
Nicolas,Gutiérrez,34770462,2003-08-02,2179
Valentín,Jiménez,37529515,1981-07-13,2780
Julieta,Agüero,37973173,1986-03-16,2728
Morena,Nave,39443283,1986-03-17,8818
Candela,Pedone,20270416,2003-06-13,3489
Milagros,Carrizo,25559492,1992-11-30,4391
Facundo,Abadía,25364789,1980-08-05,5443
Matias,Hoffmann,33546100,1988-12-19,9833
Maria Victoria,Muñoz,32253865,2004-05-03,8288
Josefina,Giordano,20821648,1981-04-01,4182
Franco,Scanone,33191811,1995-08-09,6031
Juan Manuel,Fornerón,33038394,1997-03-15,5551
Felipe,Arredondo,25584196,1991-11-28,5575
Juana,Vasile,23460095,1993-10-24,1866
Lucas,Pavón,34083855,1985-08-19,4771
Maximo,Goicochea,27218719,1998-12-16,3853
Pilar,Zambrano,22075324,1996-07-05,9895
Juan Bautista,Lorca,25783505,1989-03-23,8008
Lautaro Ezequiel,Rojas,23785932,1986-08-06,2217
Thiago,Ramírez,28292504,1994-01-01,9502
Malena,Giménez,23939449,1991-10-11,9030
Lola,Schapira,34210410,2000-06-07,1708
Mia,Marín,31259603,1986-09-15,5254
Santiago Nicolas,Zurich,39514047,1991-06-07,641
Matias Ezequiel,López,22347768,1983-01-09,6661
Martin,Galán,33358316,1980-10-04,1199
Ana Paula,Valenzuela,34220380,1981-04-14,6229
Tomas Agustin,Vera,24519477,1983-06-06,2413
Manuel,Andrade,31262917,2000-01-26,2048
Agostina,Loreto,29355257,1991-01-12,5585
Ramiro,Espinoza,35249951,1981-11-02,1879
Constanza,Arredondo,38557745,1992-08-17,9624
Maria Belen,Giordano,27317294,1982-06-16,6193
Luca,León,36487830,1995-06-06,1255
Bruno,Gonzales,26369298,1998-02-04,9351
Micaela,Arellano,27969503,1986-11-10,9015
Lara,Pavón,36610281,1996-11-27,3665
Federico,Mejía,36751823,1987-08-12,9272
Lautaro Agustin,Díaz,38021814,1993-06-07,1339
Julian,Reyes,21870684,1992-09-05,4370
Lautaro Nicolas,Arredondo,28794048,1999-06-17,5978
Bianca,Sberna,34985467,1980-11-04,4842
Tobías,Basile,32349556,2000-12-31,9247
Renata,Morales,32971690,1990-02-20,8753
Pedro,Schapira,37278116,1985-07-08,1872
Gonzalo,Rodríguez,23009555,2003-06-20,7500
Sofía Belén,Surace,29291074,1983-05-23,4541
Lautaro Benjamin,Casas,31376635,1997-04-01,1765
Florencia,Pedone,35242753,2002-05-15,749
Juan Gabriel,Santana,28178805,1989-12-01,4845
Rocio Belen,González,21181541,1989-07-02,202
Lautaro Nahuel,Borges,28578805,2003-12-21,238
Miguel Angel,González,37750771,1994-07-23,1502
Santiago Agustin,Hoffmann,24531521,2000-09-09,6775
Sebastian,Raimundo,21667870,2002-10-12,1885
Emilia,De Luca,23077091,1998-11-04,655
Jazmin,Delgado,38921808,2002-07-30,3078
Clara,Jiménez,25470754,1992-10-26,3926
Camila Belen,Santana,27554653,1988-05-31,9614
Jeremias,Gonzales,30818334,1999-02-10,6897
Mora,Ramírez,36137633,1993-11-10,2654
Luciano,Silva,21395477,1980-06-28,1893
Alejo,Sánchez,31025738,1983-09-14,7387
Julia,Rotundo,28490604,1993-11-13,2742
Maria Valentina,Abadía,31238694,1998-08-04,3955
Rocio,Pinedo,39964048,1994-04-27,2604
Antonella,Delgado,28916192,1985-04-26,1684
Simon,Rómulo,33511754,1986-07-28,7128
Maria Sol,Farina,36654151,1983-03-15,6197
Lucas Ezequiel,Rotman,31400254,1985-01-16,8895
Maria De Los Angeles,Ramírez,36684477,2003-12-10,4817
Guillermina,Nessi,32319389,1988-09-23,9014
Valentina Abril,Andrade,26736124,1994-07-27,4151
Matias Nicolas,García,29018943,1990-03-10,7815
Paloma,Agüero,39473543,1987-11-08,5152
Maria Emilia,García,38534179,1982-12-05,1640
Juan Martin,González,29972622,1990-11-14,3401
Ezequiel,Ramírez,24460073,1990-10-17,5200
Facundo Nicolas,Hoffmann,31242033,1986-12-18,649
Paulina,Salvador,28198798,2001-07-30,446
Maria Jose,De León,24750291,1980-10-27,172
Juan David,Santana,36275989,1992-04-16,4842
Lautaro Gabriel,Mamani,21343255,1986-06-09,9774
Juan Jose,Rojas,22476486,1987-10-03,5246
Tiziano,Sánchez,21620385,2004-02-03,7370
Lorenzo,Mancuso,25373972,1982-11-01,6410
Santiago Ezequiel,Santos,28994491,1995-11-29,5132
Maria Luz,León,29055367,2001-04-20,6529
Lourdes,Lorca,20878920,1981-10-19,1031
Agustin Ezequiel,Portillo,25045640,2000-06-04,1051
Angelina,Pedone,20909766,1998-06-13,5199
Ludmila,Farina,36058379,1992-11-22,9854
Maria Paz,Gutiérrez,30819887,1980-04-29,7468
Priscila,Marchi,31576095,1982-03-18,1824
Milagros Belén,Demichelis,26394707,2003-10-14,4097
Marcos,Mora,25307576,2002-03-27,3525
Nahuel,Díaz,26938029,2002-03-22,8895
Milena,Marchi,27014386,1994-07-29,7682
Luciana,Hoffmann,30286890,1991-08-05,5829
Agustina Belen,Sotomayor,33931831,1986-09-11,4244
Tomas Ezequiel,Carrizo,29014651,2001-01-09,3001
Nicolas Agustin,Rivera,24681639,1983-10-05,8873
Giuliana,Rotman,23486967,1983-09-25,3405
Santiago Gabriel,Salazar,25330824,1992-07-08,5035
Juliana,Sojero,20834219,1982-07-29,3263
Ivan,Marchi,33743803,1993-08-01,4036
Maximiliano,Casas,38175749,1983-10-22,5905
Maria Guadalupe,Goicochea,29798566,2003-10-05,1333
Isabella,García,24911392,1984-07-23,4600
Santiago Tomas,Rodríguez,22363758,2000-05-26,1464
Angel Gabriel,Rómulo,36523583,1995-07-02,7338
Jose Luis,Mejía,39673489,1988-11-01,1482
Santiago Nahuel,Santos,28068165,1983-09-12,9410
Gabriel Alejandro,Arredondo,24701969,1993-10-26,5552
Tiago,Raimundo,37269027,1984-03-10,3726
Joaquín Ignacio,Álvarez,37195920,2000-10-05,6397
Carolina,Mamani,34758627,1998-09-03,5026
Candelaria,Flores,28897256,1995-01-13,672
Octavio,Espinoza,39060832,1995-08-11,5361
Jose Ignacio,Abadía,35177890,1996-08-21,3060
Sol,Casas,31117195,1984-05-07,5189
Juan,Hoffmann,30077999,1985-08-19,9486
Lucia Belen,Borges,26193343,1995-03-01,4961
Dante,Rotundo,26735990,2003-07-27,4027
Franco Ezequiel,Abadía,20602104,1985-03-22,5477
Lucas Gabriel,Carranza,22203362,1985-01-27,1653
Lautaro Joaquin,Saldaña,21445207,1993-07-23,8916
Juan Francisco,Sorbera,38317044,1988-01-26,9486
Geronimo,Reyes,27131093,1986-10-09,9764
Emiliano,Salem,36692663,2004-02-05,1508
Emma,Raimundo,30551028,1989-08-13,4015
Gabriel,Sberna,21894986,1983-02-26,3607
Maria Agustina,Saldaña,37541738,1989-09-18,333
Agustin Nicolas,Agüero,34623842,1996-08-17,3993
Olivia,Marini,26402080,1984-06-26,6582
Rodrigo Alejandro,Loreto,35936116,1981-07-30,1185
Nicolas Ezequiel,Mejía,24855539,1992-07-14,4391
Maria Eugenia,Pereira,33834389,1996-09-04,9030
Joaquin Ezequiel,Nave,33496953,1992-07-17,1161
Lautaro Daniel,Pérez,29061016,2001-06-09,1230
Juan Carlos,Mora,27226857,1991-09-09,352
Maia,Fornerón,21531718,1994-05-16,162
Milagros Valentina,Hernández,20167754,1984-03-25,4764
Milagros Abril,Sotomayor,36214397,1986-02-15,5884
Franco Agustin,Casas,39562856,2000-06-21,8081
Brisa,Giménez,38651378,1995-02-10,7681
Leonel,Fornerón,21204341,1982-04-13,2526
Zoe,Gonzales,20381686,2004-04-02,1653
Augusto,García,20760172,1989-11-03,8215
Lisandro,Rojas,30787602,1985-07-20,5375
Abigail,Surace,24378662,2001-03-25,1263
Lucio,Zurich,23554137,1992-08-11,8343
Alma,Nari,24855436,1993-02-11,2838
Amparo,Vera,38491765,1999-10-08,2942
Facundo Ezequiel,Goicochea,23895488,1987-01-23,2450
Salvador,Rotundo,32056299,1995-05-20,2318
Rodrigo,Jiménez,32865722,2004-05-17,5239
Thiago Agustin,Casas,26834059,1999-05-06,5007
Matias Nahuel,Leal,28923206,1988-07-09,1751
Franco Nicolas,Morales,38794257,1997-04-30,8427
Gonzalo Ezequiel,Leiva,24875017,1981-06-04,9861
Ignacio Agustin,Salazar,21666127,1982-05-12,4808
Lautaro Leonel,Goicochea,32433141,1985-10-30,2069
Magali,Hernández,25755552,1995-03-23,3387
Matias Agustin,Farina,35915440,1983-08-08,2321
Santiago Benjamín,Pineda,39300279,1989-07-23,8937
Milagros Ayelen,Mariani,25183563,2001-09-15,520
Milagros Abigail,Marino,32991209,2003-09-27,5178
Tiziana,González,33902306,2004-07-28,9059
Maitena,Santana,28016026,1980-04-03,3365
Santiago Ariel,Quispe,20688272,1997-07-21,2918
Tatiana,Ibáñez,36913453,1988-08-03,4897
Valentina Abigail,Rebollo,33779141,1996-08-30,7088
Maria Milagros,D'Elia,21413273,1982-09-30,8806
Tomas Benjamin,Carrizo,21676232,1993-08-23,2586
Santiago Martin,Maradona,37726656,1993-09-03,795
Rodrigo Ezequiel,Surace,33796590,2002-06-13,4051
Melina,Nari,37579117,1984-02-06,4138
Paula,Gómez,33362906,2002-10-02,1055
Violeta,Pineda,39265003,1986-12-05,7318
Franco Nahuel,Rosso,32364958,1981-02-05,7047
Luisina,Pérez,25082917,1985-04-19,8999
Maria Pia,Vasile,26837432,1992-11-21,4099
Ana,Valenzuela,38502659,1983-03-11,8869
Lucas Agustin,Hidalgo,39556925,1990-02-24,7199
Maria Lujan,Salem,22318755,2000-02-26,8815
Milagros Agustina,Marini,26737048,1994-04-06,7427
Mateo Nicolas,Villalba,32194406,1987-11-08,178
Matias Gabriel,Mariani,25308218,1983-02-17,6483
Jeronimo,González,34806944,2004-06-09,5548
Facundo Nahuel,González,23828624,1990-01-15,2810
Facundo Gabriel,Maradona,21933836,1981-02-07,4226
María Florencia,Rivas,28244838,1991-06-02,7959
Mariano,Álvarez,33628840,1992-12-15,399
Luna,Rivas,21530796,2002-06-12,6826
Trinidad,Marín,35694046,1998-05-04,9348
Milagros Aylen,Ibáñez,27554399,1996-08-13,309
Matias Alejandro,Muñoz,30141493,2001-12-24,1021
Santiago Daniel,Saldaña,21492360,1984-06-22,5815
Ludmila Abigail,Mora,30408027,1982-02-03,9503
Kiara,Carranza,33569183,2002-03-18,2265
Alejandro,Santana,23286661,1991-01-05,9724
Thiago Nicolas,Rotman,26651400,2003-09-15,2050
Emanuel,Farina,34392142,1999-06-14,2269
Santiago Leonel,Marino,20716359,1988-01-31,4245
Axel Gabriel,Espinoza,23824586,1999-04-25,4536
Benicio,Portillo,23712849,1989-02-28,6517
Francesca,Marchi,27768947,2003-03-30,9241
Sofía Valentina,Morales,38947372,1986-07-21,6571
Juan Sebastian,D'Elia,29172677,1994-02-08,2820
Ignacio Nicolas,Marino,21705313,2003-06-13,1462
Lautaro Tomas,Soto,30726669,1993-02-10,3826
Lucas Nahuel,Marín,36061555,1994-04-05,7962
Lucila,Fava,26325108,1980-07-28,122
Maria Celeste,Rebollo,25757764,1983-09-09,2909
Valentina Belén,Schapira,29355834,1998-11-11,8662
Priscila Abigail,Demichelis,29592320,1990-06-18,5197
Lautaro Valentin,Totora,36816275,2001-03-22,8206
Ciro,Ibáñez,24963679,2001-10-23,7181
Lautaro Emanuel,Rotundo,31864859,1986-09-07,3698
Thiago Benjamin,Rotundo,20750366,1984-09-05,3905
Luis Fernando,Rotman,30789732,1984-06-10,5127
Maria,Castro,32665820,1980-03-29,8111
Alvaro,Andrade,33384718,2003-11-14,7845
Candela Abigail,Hernández,32446141,2002-04-09,3687
Joaquin Alejandro,Varela,33010076,1983-02-20,6754
Genaro,Moreno,34787474,2000-08-29,5520
Magdalena,Sánchez,23690057,1988-08-10,9181
Agustin Alejandro,Arredondo,20580210,2000-12-25,4509
Santiago Valentin,Marín,29366596,2001-05-25,3595
Santiago Emanuel,Raimundo,31367923,2000-07-25,789
Santiago Joaquin,Rosso,35282625,1984-06-14,1172
Martin Alejandro,Sánchez,25281343,1992-02-29,8383
Thiago Nahuel,De León,33199892,1997-04-25,6040
Mateo Benjamin,Basile,36485430,1997-06-08,2612
Franco Gabriel,Pereira,27063761,1983-04-16,8382
Facundo Agustin,Casares,22228800,1998-03-29,3339
Lautaro Sebastian,Rivas,26025922,1984-05-03,5108
Milagros Soledad,Casares,23097585,1993-05-17,4894
Ana Laura,Pereyra,29812701,1980-07-10,4908
Lautaro Martin,Pavón,27320611,1982-02-28,9049
Celeste Abigail,Carrizo,31901607,1996-01-18,6088
Nicole,D'Elia,39340658,1996-11-05,2706
Abril Agustina,Rodríguez,37112363,1999-02-20,7614
Nicolas Alejandro,Pérez,26847390,1984-08-08,9741
Lucas Daniel,Lorenzo,27762709,1985-02-07,1392
Micaela Belen,Contreras,36789030,1993-06-18,2019
Chiara,Salamone,23432043,1988-04-24,9930
Victoria Abril,Rodríguez,38695479,1985-10-27,8420
Manuela,Rotman,29712707,1994-03-18,9359
Ulises,Scioti,35103095,1985-04-21,6180
Franco David,De León,32064603,1980-04-09,2888
Santiago David,Carranza,26709146,1994-01-16,2552
Tomás Valentin,Mancuso,22260043,2002-03-10,4105
Gonzalo Nicolás,Rivas,24634690,1987-10-04,6991
Uriel,Fava,37925200,1982-08-12,3565
Joaquin Nicolas,Basile,33834486,1989-03-14,9330
Thiago Valentin,Schapira,34280864,1986-12-09,854
Román,Mora,31377922,1998-07-13,8110
Luciano Gabriel,Soto,29700746,1985-02-20,6448
Camila Aylen,Gonzales,32730349,1999-09-17,5701
Mia Valentina,Martínez,25338421,1986-01-16,6291
Thiago Ezequiel,Maradona,31748534,2000-05-10,8438
Fiorella,Gutiérrez,27886260,1982-02-09,2700
Celeste,Giordano,29412988,1990-10-05,8916
Avril,Demichelis,20521919,1998-12-03,666
Luciano Nicolas,Mariani,38955126,2003-07-31,8588
Valentina Aylen,Santos,39361713,1991-07-22,1481
Martina Belen,Basile,22766460,2003-06-06,4180
Tomás Alejandro,Flores,28609727,1997-03-04,1655
Martin Ezequiel,Carrizo,37394651,1994-04-30,4383
Luciano Agustin,Benítez,34896282,2001-01-06,1371
David,López,20125427,1990-03-23,2279
Mateo Agustin,Rotundo,38791623,1999-12-27,1343
Candela Belen,Flores,23347687,1980-10-27,7291
Franco Leonel,Rotundo,29904319,2001-02-08,3948
Kevin,García,27075782,1998-12-13,6264
Ludmila Ayelen,Leiva,32882411,1991-08-26,7092
Abril Valentina,Salamone,20742715,1986-12-17,6508
Felicitas,Marini,33033382,1997-10-29,2699
Camila Ayelen,Arellano,20305884,1995-08-06,5332
Marcos Gabriel,Sojero,24973889,1995-09-18,7178
Nahuel Agustin,Mariani,31243290,2001-12-29,2069
Julieta Valentina,Hernández,23391353,2001-04-16,7994
Candela Agustina,Marchi,32268601,2000-10-06,3473
Kevin Ezequiel,Arredondo,33691028,1983-11-25,1952
Luciano Ezequiel,Marino,23987003,1997-09-09,7065
Andres,Leal,33093848,1988-01-06,9841
Leonel Agustin,Varela,21915559,2004-03-24,8749
Ian,Pavón,37295141,2001-07-09,6688
Braian Ezequiel,Arredondo,23980067,1990-07-27,1934
Valentina Milagros,Basile,29286228,1994-11-08,4841
Rocio Milagros,Mariani,38379292,1990-10-14,4549
Axel Uriel,Casares,27760143,1995-02-09,4066
Milagros Ailén,Scioti,38208110,1991-05-18,6207
Fausto,Lorenzo,36448892,1990-03-11,9164
Tadeo,Salazar,22005047,1986-04-27,65
Daniel Alejandro,Castillo,32773253,2002-01-26,3110
Axel Nahuel,Mamani,36281338,1988-09-02,8656
Camila Agustina,Ibáñez,27492340,2003-11-09,7188
Luz Milagros,Rómulo,22215266,1999-05-06,9487
Luana,Marín,27247799,2000-03-02,344
Matias Leonel,Goicochea,30764744,1985-12-23,504
Ornella,Giordano,36842099,1990-07-12,9922
Enzo,Farina,22924393,1981-11-24,3968
Brian Ezequiel,Rotman,36476152,1981-10-23,4266
Ludmila Belen,Giordano,31312660,1985-03-26,3385
Belen,González,25950680,2001-11-24,2832
Gaspar,Maradona,28581236,1989-01-19,4665
Lionel,Pereira,38622465,2003-10-16,2431
Uma,Díaz,24158086,1998-06-24,8885
Nicolas Gabriel,Ramírez,26502455,1995-09-10,3284
Oriana,Goicochea,34720434,1988-11-10,4476
Ignacio Gabriel,Rivas,24349232,1980-03-23,5097
Justina,Díaz,36498501,1993-03-28,9596
Sofia Magali,Gómez,37936335,1997-05-26,4110
Lucas Martin,Leal,21617628,1986-08-26,7313
Alexander,Farías,27798923,1995-07-16,2752
Ignacio Joaquin,Totora,23155864,1983-08-16,8935
Leandro,Pineda,23446643,1988-04-23,5848
Sofia Micaela,Sánchez,34294966,2004-05-12,8041
Luz Maria,Salvador,31823917,1997-07-31,6880
Matias Benjamin,Casas,27329530,1993-03-02,1995
Rosario,Pérez,35421456,2003-08-30,3423
Axel Leonel,Rotman,28296696,1984-10-24,9347
Candela Abril,Rosso,24422149,1981-04-20,6279
Gonzalo Agustin,Hoffmann,32865606,1998-12-10,3355
Rodrigo Nicolás,Raimundo,32847838,1990-01-20,4653
Thomas,Silva,26572404,1988-06-29,1771
Ana Clara,Giordano,28905424,1982-10-27,395
Fabricio,Vargas,22310241,1985-06-14,1934
Brisa Abigail,Muñoz,28344006,1998-03-04,9327
Axel,De León,25147870,2002-12-05,216
Maria Del Pilar,Carranza,34070745,1985-07-26,8933
Gianluca,Sosa,24990280,1988-06-26,4856
Fermín,Castro,22472882,2004-08-12,2237
Iara,Álvarez,22825308,1983-07-21,1231
Tomas Gabriel,Demichelis,29859854,1991-10-13,8198
Julieta Belen,Zambrano,20955195,1989-12-28,6123
Lautaro David,Rivera,29786716,1989-03-02,9381
Axel Fernando,Surace,32093003,1991-09-07,5099
Sofia Victoria,Rivera,24827147,2000-11-14,7162
Ambar,Sosa,38672682,1989-07-07,8241
Pablo Ezequiel,Rotundo,22201966,2001-02-06,5846
Juan Andres,Fornerón,36900019,1982-04-03,8657
Ana Belen,Flores,34123792,1996-10-08,5303
Sofia Aylen,Fazzi,29309599,1987-02-08,13
Alan Gabriel,Soto,32345157,1988-12-01,2029
Lucas Leonel,Rosso,26965920,1996-11-16,7246
Maximiliano Ezequiel,Flores,31717901,1991-08-22,7365
Camila Abigail,Salazar,25904372,2002-08-18,5737
Candela Valentina,Vargas,22618056,1992-11-12,4993
Nahuel Alejandro,Huergo,26039161,1989-10-21,8835
Gabriel Agustín,Giordano,25589791,1993-10-12,6543
Benjamín Ezequiel,Benítez,32586832,1989-04-28,5560
Matias Daniel,Nessi,35124605,1984-01-11,9362
Lucas Ariel,Hernández,23338097,1981-11-13,8065
Tomas Ignacio,Morales,25817964,1992-12-02,1852
Alan Ezequiel,Leal,21798621,1999-09-07,6185
Sara,Huarte,38310119,2001-03-04,6265
Camilo,Nari,21318561,1995-06-23,3340
Agustina Micaela,Arredondo,33828640,1990-08-04,9124
Facundo Daniel,Ibáñez,27087039,1984-09-17,63
Lourdes Valentina,Giménez,30973683,1982-12-09,4548
Gaston,Galán,39918374,1990-06-19,9800
Francisco Javier,Pinedo,32773712,1981-08-16,8371
Candela Milagros,Nave,32661651,1996-04-23,3258
Sofia Milagros,Huergo,24820295,1988-05-16,7562
Maria Candela,Mora,23513012,1992-05-22,9844
Lucas Emanuel,Jiménez,39611957,1990-09-01,8469
Fernando Jose,Reyes,30316130,2003-03-15,6700
Daniel,Amenedo,21712243,1993-01-26,5002
Nazareno,Abadía,25926923,1990-08-04,2790
Florencia Belen,Sojero,26616064,1983-03-07,7362
Mateo Ezequiel,Quispe,36638864,1999-12-19,8699
Luciana Belen,De León,33570934,1992-05-07,3233
Benjamin Alejandro,Moreno,33197886,1996-07-19,5888
Matias Ariel,Giordano,21772884,1992-08-30,8621
Brisa Aylen,Salazar,27062961,2002-11-08,57
Santiago Alejandro,Agüero,32315536,1986-08-01,6376
Virginia,Villalba,24280905,1998-06-03,9492
Facundo Ariel,Huergo,34133058,1993-09-20,6977
Martina Abril,Godoy,21729847,1995-11-25,6639
Tobias Ezequiel,Borges,35749425,1992-08-13,5505
Macarena,Fava,25204234,1983-10-25,9575
Ariana,Casas,39671197,1992-04-24,1109
Thiago Gabriel,Vasile,32670835,1994-07-02,8072
Lautaro Alejandro,Silva,36680144,2003-08-27,4057
Lautaro Uriel,Godoy,37346084,1986-08-04,4765
Ines,Borges,28077808,1985-04-16,340
Ariel,Farina,28334722,1998-07-04,6668
Maria Josefina,Sosa,37516819,1982-03-16,2557
Patricio,Fava,23007450,1994-10-20,6509
Gonzalo Gabriel,López,30392629,2004-03-04,4427
Lucas Nicolas,Sojero,26803581,1982-04-08,2918
Maria Fernanda,Quispe,33224581,2003-12-31,1202
Rafael,Salazar,25497221,2001-07-07,9919
Rodrigo Nahuel,Sosa,27710391,1997-12-19,165
Luisana,Villalba,23469508,1983-12-03,5725
Leonel Alejandro,Espinoza,24468362,1999-11-17,4334
Rocio Abigail,Marini,30403577,1984-05-02,6736
Gino,Saldaña,35252374,1986-06-28,8916
Joaquina,Hoffmann,28210256,2002-06-23,4975
Marco,Mancuso,37226975,1999-02-14,2491
Lautaro Javier,Ibáñez,34655383,1982-12-28,7570
Celina,Soto,28861695,1986-01-16,4249
Ludmila Aylen,Leiva,36313836,2002-06-06,7938
Alexis Ezequiel,García,29204820,1983-04-04,2779
Thiago Joaquin,Leiva,35504138,2003-04-12,7653
Alexis Gabriel,Mancuso,36943519,1982-09-22,8361
Federico Agustin,Portillo,37104470,2000-01-07,743
Lara Valentina,Salamone,23733577,1999-05-10,4437
Florencia Agustina,Castro,20433082,1996-10-21,8360
Maria Pilar,Vera,26349038,1990-08-20,1615
Santiago Andres,García,27762273,1982-10-26,9676
Camila Milagros,Rodríguez,39187892,1988-10-02,6923
Franco Daniel,Santana,27306657,1991-09-21,1142
Marcos Agustin,Huarte,32410844,1991-03-03,5819
Ana Lucia,Scanone,27776917,1980-12-12,1097
Thiago Uriel,Fornerón,25917326,1984-06-17,7249
Santiago Javier,Sosa,30180536,2000-12-18,323
Marco Antonio,Marini,34336200,1983-06-27,2689
Ana Luz,Soto,39925071,1990-11-12,8309
Rodrigo Sebastian,Arredondo,25696244,1987-02-26,2648
Maria Paula,Gonzales,27815636,1984-12-12,1524
Rocio Micaela,Vasile,26168333,2002-03-08,6585
Camila Abril,Lorenzo,35594747,1990-07-30,4518
Milagros Guadalupe,Reyes,25736955,1987-09-15,9912
Valentina Magali,De León,32212061,1982-09-14,4987
Kevin Nahuel,Silva,33003808,1998-06-30,3422
Francisco Nicolas,Mejía,33738302,1994-08-07,8652
Micaela Ayelen,Leal,23742805,1986-04-30,3403
Maria Del Rosario,García,30686620,1988-08-23,3886
Martin Nicolas,Mancuso,22916382,1991-11-12,5471
Federica,Farina,21804112,1989-12-08,4408
Facundo Tomas,Carranza,22877047,1997-01-31,1123
Santiago Uriel,Rivera,33390562,1988-04-20,1226
Carlos Daniel,Salem,22305228,2001-01-30,8572
Lucas Sebastian,Rosso,35730370,1987-04-02,6032
Axel Ezequiel,Mejía,35993220,1985-11-22,7666
Mateo Joaquín,Raimundo,29271482,1989-12-31,8380
Leandro Ezequiel,Salvador,27276400,1983-05-21,9136
Ludmila Milagros,Contreras,26230635,1983-05-01,814
Lautaro Ariel,Salvador,34092533,1988-07-17,2761
Diego,Agüero,30599714,1988-08-23,4864
Julio Cesar,Sorbera,22596442,1983-06-10,9113
Vicente,Sánchez,24848907,1995-07-06,4419
Francisca,García,34438156,2001-07-08,5830
Mariana,Nave,23306274,1990-10-21,9988
Luis Alberto,Morales,25417883,2003-09-08,3802
Rocio Ayelen,Huergo,37423059,1983-02-02,6431
Fernando,Arredondo,37413363,2000-07-17,9192
Ema,Pineda,27813861,1994-07-05,6548
Alexis Nahuel,Rotman,34328548,1991-07-29,2823
Ignacio Ezequiel,Borges,31113139,1983-04-07,7923
Milagros Lujan,Díaz,23287868,1984-07-18,4252
Kevin Agustin,D'Elia,34181661,1987-07-23,5400
Facundo Leonel,Pineda,27507175,1988-03-30,3642
Abril Agostina,Ibáñez,27093483,1987-08-25,4239
Maite,Santana,35067181,1993-09-22,9993
Sebastian Alejandro,Totora,39591557,1999-06-18,4001
Dylan Ezequiel,Rivas,20022019,2000-07-19,500
Maria Constanza,Castro,31378534,1990-05-13,6596
Maximiliano Gabriel,Reyes,36261149,1985-07-12,5186
Daniela,Giménez,23892327,1986-04-09,7074
Lucas Benjamin,López,32446289,1993-06-02,4070
Lautaro Jesús,Vargas,25808441,1997-10-21,4408
Lucas Joaquin,Hidalgo,38801658,1990-08-30,3111
Thiago Leonel,Soto,35289529,1999-02-25,1188
Axel Daniel,Portillo,30216558,2001-08-13,2713
Azul,Fornerón,32034879,1981-12-03,9488
Sofia Abril,Moreno,23517807,1983-02-09,7267
Milagros Micaela,Basile,23811477,1990-08-27,9526
Milagros Magalí,Pereira,31058727,1996-06-30,2427
Maria Lucia,Fernández,33292113,2001-06-02,9932
Marcos Ezequiel,Amenedo,33745455,1991-08-22,4292
Lucas David,Godoy,29121741,2004-01-06,7526
Axel Agustín,Rotman,33278773,1999-02-06,8627
Gonzalo Nahuel,Mancuso,37229826,1985-02-10,2662
Thomas Agustin,Pérez,30739255,1985-02-03,2271
Franco Tomas,Rojas,33821704,1986-04-11,2262
Florencia Abigail,Villalba,38678450,2003-11-15,7220
Maximo Agustin,Rivera,33936087,1988-12-28,5916
Camila Soledad,Sala,29792621,1984-01-11,5075
Luciano Benjamin,Zambrano,26062232,1982-07-20,6565
Bautista Nicolas,Sojero,22385043,1998-01-03,3940
Fabrizio,Santos,25318799,1994-04-29,1897
Alfonsina,Agüero,23817901,1992-10-26,3378
Lautaro Exequiel,Lorca,35711015,2003-06-25,5005
Leonardo,Sberna,25048060,1989-01-01,1117
Mateo Valentin,Giménez,32212972,1991-01-20,1743
Juan Agustin,Arredondo,29073895,2001-12-09,3729
Brisa Ayelen,González,25258924,1996-10-11,6504
Laureano,Ibáñez,26064669,1999-07-20,5265
Lautaro Damian,Silva,27029048,1999-02-13,8066
Leandro Nicolas,Raimundo,31647477,1999-08-28,1637
Matias Sebastian,Mamani,36114152,1992-07-22,3059
Francisco Agustin,Muñoz,36134681,2003-10-14,736
Carola,Salem,23670498,2001-03-12,906
Elias,Mamani,22472005,1991-06-20,9789
Rocio Guadalupe,Rómulo,28761427,1996-10-30,381
Ignacio Benjamin,Huarte,25758700,2001-01-01,3548
Maria Laura,Saldaña,29937967,1990-02-27,568
Facundo Emanuel,Jiménez,26480284,1983-07-30,8101
Facundo Martin,Godoy,38861747,2002-06-24,8659
Pablo Agustín,Fornerón,39248154,1991-07-24,7246
Agustina Milagros,Fernández,21118108,1995-06-24,5610
Valentina Jazmin,Sotomayor,26636344,1990-12-27,4498
Sofia Ailen,Portillo,32894582,2002-05-29,1934
Florencia Magali,Goicochea,27624951,2003-05-10,2829
Valentina Guadalupe,Mamani,20413866,1985-10-19,1560
Kevin Nicolas,D'Elia,35767644,1989-06-09,3638
Ana Sofia,Casares,25913164,1987-12-08,6548
Aylen,Rebollo,30571476,1991-04-15,3821
Thiago Lionel,Marín,33081904,1984-01-23,8110
Franco Emanuel,Mejía,33841569,1996-09-28,7369
Eugenia,Lorenzo,32363080,2001-12-09,6191
Rocio Magali,Leal,35641864,1981-07-21,2762
Valentina Luján,Hidalgo,31794505,1985-02-28,3796
Federico Nicolas,Fazzi,31100823,2001-03-04,3862
Morena Abril,Scioti,29250240,1985-01-22,4647
Candela Magali,Sosa,28429701,2001-01-15,7578
Aldana,Pérez,23331377,1986-04-19,8962
Elias Ezequiel,Gómez,24071817,1990-09-05,9501
Tobias Benjamin,Rotman,32472897,1986-01-08,6383
Leandro Agustin,Vera,36037860,1998-10-02,3471
Tomas Nahuel,Huarte,36652770,1986-09-30,7400
Esteban,Salvador,35754887,1988-03-29,4225
Tobias Agustin,Casas,20192974,2004-08-02,5408
Matías Emanuel,Casas,35021951,1984-03-31,8131
Lucas Santiago,Rivera,37141654,1995-10-18,9725
Sofia Guadalupe,Hernández,25770865,1998-03-25,1817
Ernestina,Duarte,34433857,1998-03-18,3503
Iñaki,Castillo,35492276,1991-09-03,1291
Julieta Abril,Farías,39211785,2000-06-25,757
Valentina Ayelen,Hidalgo,33731428,1981-04-10,252
Santino Nicolás,Gómez,24850684,1987-04-27,85
Cristian Gabriel,Quispe,31035531,2002-03-05,7870
Tatiana Abigail,Marini,29091966,1986-12-01,5235
Giuliano,Sberna,34504836,1996-09-17,6277
Jose Manuel,Vasile,32779428,1991-06-04,9506
Santiago Ivan,Sberna,30809346,1992-07-02,4705
Rodrigo Agustín,Rosso,30532850,1986-04-29,3209
Milagros Agostina,Mamani,24545099,2004-07-03,6552
Ezequiel Alejandro,Santana,24862942,1983-03-16,2622
Jeremias Ezequiel,Benítez,38410837,2003-12-08,2494
Maria Agostina,Sosa,20928619,2000-05-20,499
Nahiara,Fornerón,25717152,1980-08-16,248
Valentina Soledad,De Luca,27573294,1982-06-09,6345
Alan,Amenedo,22821043,2002-09-26,2378
Candela Agostina,Álvarez,30756126,1983-07-22,8889
Abril Milagros,Delgado,37549972,1985-04-05,935
Mercedes,Jiménez,36526285,1981-11-25,9252
Axel Nicolás,Casares,29277950,1992-01-15,6217
Santiago Jose,Ramírez,20294268,1986-03-20,4164
Juan Pedro,Maradona,31197266,1982-09-20,2129
Agustin Gabriel,Pérez,31627150,2002-02-04,1302
Rocio Aylen,Castillo,37498448,1998-09-22,7583
Carmela,Amenedo,37611625,1990-04-16,4970
Joaquin Andres,Totora,34603107,1991-01-12,236
David Ezequiel,D'Elia,29832761,1987-03-14,581
Sofia Abigail,Mejía,34489139,1984-01-02,8797
Joaquin Gabriel,Borges,34057991,1999-08-13,996
Ludmila Magali,Fazzi,39819370,1991-08-11,8600
Francisco Jose,Giordano,38746335,1985-04-15,2112
Nazarena,Salem,33809631,1998-03-06,701
José Antonio,Godoy,30403289,1999-11-22,4482
Luis Miguel,Mejía,36651359,1990-05-19,1924
Ivan Ezequiel,Villalba,25835660,1983-06-11,7086
Agustina Soledad,Vera,22101273,1992-04-27,1491
Baltazar,Espinoza,29126188,1984-07-11,3114
Jonathan Ezequiel,Rivera,34696207,1987-10-05,452
Teo,Rotman,37482867,2002-11-27,8186
Sebastian Ezequiel,Moreno,35131441,1983-09-01,2135
Tatiana Belen,Mancuso,27599876,1987-09-10,4575
Lautaro Lionel,Quispe,33288251,2001-05-25,3144
Angel David,Scioti,35212906,1988-09-04,7332
Ignacio Martin,Ramírez,34027282,1999-05-03,6384
Luis Alejandro,Amenedo,29686349,1992-02-21,5403
Priscila Ayelen,Rivera,23989888,1987-06-23,4390
Maria Candelaria,Hidalgo,38900756,1997-04-28,4257
Rocio Valentina,Maradona,35383539,1984-11-15,3982
Ramiro Agustin,Loreto,33635738,1998-07-13,4021
Alexis,Carranza,30050042,1990-03-15,986
Jose Maria,Casas,39847970,1994-07-12,9632
Carlos Gabriel,Agüero,32123403,1989-11-20,9674
Thiago Martin,Demichelis,25715619,1984-06-21,2871
Bruno Nicolas,Demichelis,27348223,1997-01-02,5728
Luciana Valentina,Sotomayor,35433774,2004-06-05,7020
Sofia Antonella,Vera,30591279,1984-07-12,9918
Priscila Belen,Sorbera,35924723,1991-01-28,9179
Uriel Alejandro,García,34601039,1989-02-14,8555
David Alejandro,Delgado,24939583,2000-09-01,996
Iara Valentina,Basile,34235286,1989-05-26,5787
Priscila Aylen,Agüero,20184823,1985-09-02,8960
Franco Sebastian,Castillo,32667938,1987-08-13,6760
Agustina Aylen,Pinedo,26730867,2001-02-04,8816
Camila Ailen,Benítez,38733493,2000-09-14,3266
Agustina Abigail,Scioti,28567463,1982-11-08,8788
Dylan Gabriel,López,28687437,2001-12-08,6948
Alejo Nicolas,De Luca,39705773,1993-03-26,1148
Micaela Agustina,Fazzi,34202418,1981-01-13,4376
Leandro Gabriel,Sosa,26526898,1990-09-27,1184
Dolores,Rodríguez,39717911,1992-06-13,4121
Kevin Daniel,Castro,23826070,2001-05-21,2909
Maria Lourdes,Sosa,37828080,2000-05-15,1582
Elias Gabriel,Abadía,20377169,1993-09-23,2474
Francesco,Zambrano,29360458,1985-03-09,961
Rocco,Arredondo,21997974,2003-06-06,3331
Dylan Uriel,Borges,21807546,1997-01-20,7014
Brisa Milagros,Casas,36856133,1987-06-20,735
Bianca Valentina,Nessi,37130419,1990-10-11,865
Marcos Antonio,López,31182401,2001-02-22,1494
Tomas Joaquin,Soto,21578822,1988-07-20,8402
Gonzalo Sebastian,Mancuso,38266818,1985-11-14,7686
Tomàs Ariel,Lorca,30198778,1998-12-16,8210
Axel David,Maradona,28004760,1989-12-09,6066
Agostina Belén,Mamani,26975532,2001-07-11,1626
María Magdalena,Rotman,38651897,2003-11-03,5123
Lourdes Abril,Morales,36139867,1994-03-24,657
Juanita,D'Elia,23807418,1985-02-18,2074
Agustina Ayelen,Totora,36270840,1985-09-20,8707
Geraldine,Mejía,29305748,1980-02-24,543
Irina,Maradona,34724666,1997-04-25,7263
Ramiro Nicolas,Rojas,22080527,1983-08-04,2100
Mateo Gabriel,Surace,27763570,1987-12-10,6474
Milagros Anahi,Rodríguez,24603574,1990-12-29,7308
Iara Abigail,Salamone,29017504,1995-02-26,403
Candela Jazmin,Sorbera,20899976,1996-11-15,8593
Bruno Ezequiel,Salamone,23886867,1999-01-08,4423
Brisa Magalí,Gutiérrez,24702246,2002-04-03,1480
Francisco Tomas,Contreras,20283945,1989-07-25,4096
Tomas Emanuel,Castillo,28970723,1989-10-26,5331
Joaquin Uriel,Quispe,24787033,1989-03-01,1405
Maria Delfina,Carrizo,30080187,1986-02-16,4945
Barbara,De León,34495493,1991-05-04,560
Santiago Ismael,García,27139448,1987-08-20,6295
Tobias Uriel,Raimundo,21693191,1982-02-10,952
Ludmila Abril,Abadía,26480838,1985-11-24,4276
Leandro Nahuel,Loreto,30939243,1994-03-16,5131
Cristian,Loreto,22067215,1995-11-27,2130
Julieta Magali,Pedone,26991310,2004-06-13,4264
Fátima,Rebollo,33925096,1997-07-04,6228
Facundo Sebastian,Nari,28480596,1995-10-30,1919
Gianfranco,Salazar,35847875,1981-06-12,4976
Fernando Gabriel,Lorenzo,22964298,1980-11-07,1541
Thiago Tomas,Mariani,25542104,1997-12-29,6960
Alejandro Gabriel,Goicochea,35158810,1992-02-07,4020
Sofia Agustina,Salazar,36109649,1997-10-15,8236
Agustina Abril,León,33003898,1983-08-05,9128
Lucia Milagros,Pereyra,30510465,1999-04-25,3365
Maia Valentina,Martínez,28934289,2001-05-13,5408
Araceli,Salamone,31389063,1984-02-07,5548
Agustina Magali,Pedone,34834030,1980-03-07,8344
Morena Abigail,Contreras,24942805,1982-04-03,6407
Gonzalo Daniel,Silva,31038609,1990-02-11,9570
Faustino,Arellano,30457812,1992-09-27,7883
Valentina Micaela,Scioti,31380112,2000-02-08,1715
Ignacio Valentin,Mariani,32499910,1992-02-05,2125
Maria De Los Milagros,Borges,25286904,1988-11-26,7350
Brian Nahuel,De León,21359415,1988-08-08,8581
Lautaro Andrés,Scanone,35279513,1996-12-06,9152
Dylan Agustin,Loreto,33868234,1984-01-16,9525
Fernando Ezequiel,Saldaña,38731893,1995-01-11,8520
Lucas Alejandro,Rotman,21216618,1998-03-24,8775
Milagros Antonella,D'Elia,27832014,1990-03-27,495
Alan Nahuel,López,34002830,1990-05-27,4773
Tobias Nahuel,Ramírez,28795695,1993-06-28,2572
Joel,Díaz,38917356,1997-08-21,3276
Lucca,Amenedo,28371270,1980-08-30,6067
Martin Ignacio,Rodríguez,23832878,1994-04-27,6377
Matias Joaquin,Farina,31888694,1994-10-24,8537
Nahuel Ezequiel,Sotomayor,37539069,1993-11-25,5312
Milagros Rocío,Reyes,23196518,1996-10-09,1595
Alejandro Ezequiel,Pavón,25452111,1995-09-27,6709
Valentina Ailén,Mamani,27057213,1993-12-13,5658
Alejandro Daniel,León,35314641,1994-07-28,2070
Zoe Valentina,D'Elia,36279062,1993-08-28,9419
Maximo Alejandro,Rotundo,37294218,1994-01-02,1062
Pablo,Santos,20931680,1986-10-13,713
Luciano Joaquin,Moreno,24885799,1980-06-27,4923
Ludmila Ailen,Marino,24518888,1988-12-21,8743
Brisa Valentina,Gutiérrez,34754085,2003-11-11,5138
Enzo Gabriel,Sánchez,22037013,2001-11-27,6841
Estefania,Marini,29489921,1991-05-20,4887
Maria Sofia,Rojas,25466877,1989-02-22,5223
Kiara Abigail,Hoffmann,33966409,1980-03-14,5777
Thiago Sebastian,Surace,33604873,1990-09-08,4467
Ivo,Sorbera,24119100,2000-11-14,5329
Brenda,Rivera,36720034,1997-06-23,8521
Florencia Valentina,Espinoza,30565173,2000-01-14,8209
Pablo Nicolas,Quispe,26648455,2000-12-30,141
Juan Antonio,Rodríguez,38309473,1999-06-06,8620
Brian Nicolas,Rotman,39925115,1984-02-05,1996
Leon,Vasile,27134997,1996-01-18,2437
Gonzalo Martín,Jiménez,36269964,2000-11-07,5195
Alejo Benjamin,Sala,37451401,1997-05-30,5334
Javier Alejandro,Lorenzo,23911885,1992-10-14,5366
Alexis Nicolas,Vasile,21945473,1982-08-25,9389
Ana Victoria,Vargas,25359661,2002-04-16,1127
Maria Clara,Santana,36775674,1983-01-17,7402
Jorge Luis,Ibáñez,24697778,1988-12-24,4581
Maximiliano Agustin,Giordano,24933903,2000-11-01,7859
Ignacio Tomas,Benítez,34127224,1983-01-05,7440
Ramiro Ezequiel,Gonzales,38594096,1997-07-16,5966
Santiago Manuel,Benítez,32911049,2001-03-06,6234
Candela Aylen,Sosa,28219790,1996-03-27,1280
Serena,Surace,34809670,1999-04-28,9485
Selene,Leal,23741602,1992-08-12,919
Stefano,Mamani,32996248,1988-06-29,2204
Ismael,Agüero,38725451,1990-07-11,798
Priscila Magali,Quispe,21294541,2002-03-06,8580
Helena,Giordano,38226271,1991-06-30,8063
Ana Maria,Rojas,24916973,1993-07-14,9430
Miranda,Castillo,36838405,1993-11-19,4127
Tobias Nicolas,De León,39551644,1995-05-27,4020
Jorge Daniel,Espinoza,35319954,2001-08-31,9400
Benjamin Nicolas,Pérez,36767759,2001-03-15,5548
Bautista Benjamin,Casares,26701285,2002-06-19,5924
Santiago Sebastian,Godoy,35978001,1986-06-29,6064
Valentina Nicole,Rosso,20309996,1980-08-01,6595
Ana Valentina,Pavón,33565255,1988-04-30,5036
Martin Gabriel,Morales,23367108,1984-05-21,7611
Morena Valentina,Rebollo,38402637,2002-10-14,9801
Joaquin Leonel,Santana,35985699,1997-12-25,5577
Lucía Magalí,Rivera,39973512,1989-11-05,8718
Matias Ignacio,Quispe,30783896,1992-02-19,8315
Ignacio Sebastian,Mancuso,35961486,1994-12-03,2749
Santiago Jesus,Salvador,26291763,1991-05-21,476
Federico Ezequiel,Muñoz,36092858,1985-04-29,2430
Marcos Daniel,Maradona,27331925,2003-09-05,4098
Mauricio,Muñoz,38969213,2002-03-31,3623
Gabriel Nicolas,Morales,25363301,1985-07-07,9220
Nicolas Martin,D'Elia,26499629,2002-01-29,2185
Samuel,Nari,27164053,1989-12-16,1847
Santiago Lionel,Varela,35587526,1990-01-29,3024
Agustin Emanuel,Totora,30828696,1986-02-25,6735
Tiago Nicolás,Díaz,20092101,1997-07-23,820
Camila Rocio,González,28786781,1997-11-19,1625
Diego Agustin,Rivera,35163272,1980-06-20,8940
Marcos Nahuel,Amenedo,25404469,2004-02-24,4353
Kiara Valentina,Benítez,30985763,1996-02-03,1752
Joaquin Sebastian,Hoffmann,25245048,1987-01-13,3347
Milagros Jazmin,D'Elia,33408452,2000-07-06,4287
Diego Alejandro,Totora,37555407,1995-01-25,1094
Rodrigo Gabriel,Rosso,34199984,1994-02-05,9358
Gonzalo Joaquin,Amenedo,39902613,1981-11-03,8624
Tiago Benjamin,Ramírez,24809894,2002-08-20,1286
Facundo Benjamin,Pineda,37693698,1986-03-05,1192
Antonella Belén,Gómez,37060764,1988-07-26,3561
Emilio,Varela,27306758,1992-01-16,2840
Ignacio Nahuel,Santana,32096988,2003-11-01,8380
Alan Leonel,Rebollo,38446769,1995-12-09,7079
Julieta Abigail,Sala,31404268,1993-10-19,357
Maria Isabel,Salem,39756713,1992-01-15,9672
Ana Gabriela,Rebollo,23099755,1992-07-14,6031
Sofia Ayelen,Carrizo,38453852,2004-04-30,7973
Gianella,González,30865844,2000-09-24,4648
Juan Segundo,Gutiérrez,35074081,1998-07-25,3603
Ailen,Sánchez,21170110,1991-09-22,3283
Jonathan,Salem,39525434,1982-05-26,9798
Alex,Farías,20483912,1987-08-26,8087
Sol Agustina,De Luca,31008718,2000-07-01,3853
Tiago Agustin,Abadía,37460405,2002-10-01,6970
Ariadna,Rivas,32929660,1983-12-17,7408
Kiara Aylen,Saldaña,35907514,1996-01-04,6015
Javier,Andrade,31336964,1981-08-02,8920
Cristian Ezequiel,Santos,22595706,1991-04-20,3093
Daniel Agustin,Vargas,31477904,2002-10-24,7899
Juan Roman,Gómez,20612934,1998-03-03,1191
Leonardo Gabriel,Moreno,31618661,1980-01-28,4203
Gonzalo Emanuel,García,24284236,1986-06-23,6673
Maximo Gabriel,Vera,32355454,1982-10-26,3299
Miguel Alejandro,Moreno,33651524,1984-11-01,135
Gastón Ezequiel,Rotman,32402242,1997-02-17,8716
Rodrigo Emanuel,Hoffmann,32357234,1991-07-07,6237
Lucas Valentin,Arredondo,30169996,1996-11-13,8426
Brenda Magali,Pérez,32432494,1991-01-12,7980
Lucas Matias,Giordano,26460422,1984-10-17,1251
Fernando Agustin,Santana,28369232,1981-05-03,6614
Gonzalo David,Sorbera,24692149,1992-08-30,8356
Lucas Ivan,Casas,37939806,1985-09-03,9474
Joaquín Emanuel,Gonzales,20370595,1994-04-08,9578
Francisco Gabriel,Delgado,33067956,2001-10-30,6972
Tiago Nahuel,Flores,37371908,1982-08-23,657
Ezequiel Agustin,Vasile,36103597,2000-09-23,5764
Cristian Daniel,Scanone,30328241,1982-02-08,7511
Valentina Nahir,Marini,21005990,1983-05-09,104
Rocio Ailen,Lorca,24045030,1990-04-18,3109
Valentina Sofia,Pinedo,36610634,1984-07-09,4904
Tomas Leonel,Nave,34549631,2003-02-25,90
Agustina Ailen,Mancuso,31850067,1992-01-15,8860
Lucia Valentina,Carrizo,20483934,1986-04-05,1966
Victoria Belen,Espinoza,27243487,1997-07-23,4958
Iara Belen,Reyes,21998208,1988-10-16,8396
Kiara Belen,Galán,35442866,1998-09-09,5170
Antonio,Fernández,27466481,1992-10-06,8896
Lautaro Joel,Rosso,39766919,2002-07-13,9371
Jonathan David,Sojero,37625486,1989-03-03,9033
Luciano Nahuel,Abadía,30495041,1998-09-16,4628
Renzo,Salazar,28371287,1990-08-19,8611
Camila Antonella,López,22943979,2000-08-30,6740
Leonardo Ezequiel,Sánchez,36849885,1991-02-13,8880
Cristian Ariel,Maradona,35323096,1981-01-19,8484
Brisa Abril,Fava,25106706,1999-03-31,6689
Lourdes Milagros,Salazar,34406825,2002-02-13,9875
Jimena,Fazzi,24039710,1992-04-13,9520
Lautaro Ismael,Goicochea,33258730,1995-10-10,5042
Micaela Abigail,Contreras,23133753,1986-09-15,7414
Alexis Daniel,Rosso,25251428,1980-05-29,4946
Luna Morena,Marini,23738323,1988-05-03,2145
Mauro Ezequiel,Pineda,20968583,1995-11-21,8295
Lourdes Abigail,Fornerón,31993635,1991-11-21,7277
Agustin Ariel,Arellano,34827581,2003-11-12,9605
Joaquin Tomas,Abadía,29073597,2003-10-02,2299
Franco Ariel,Díaz,39903345,1993-01-19,9011
Ariana Abigail,Surace,20305821,1986-09-06,2670
Pablo Gabriel,Nessi,22876602,1981-01-14,4140
Lautaro Ivan,Vasile,32884800,1986-07-30,157
Thiago Alejandro,Nessi,37625399,1987-11-05,6949
Facundo Javier,Sosa,29398164,1990-03-22,9271
Santiago Matias,Gonzales,37423868,1993-03-18,593
Axel Joel,Scanone,34146359,1996-12-06,6035
Franco Valentin,Gonzales,25106959,1982-07-07,6895
Jose Gabriel,Rotman,20290871,2001-12-23,6588
Valentin Ezequiel,Maradona,22611397,1988-03-31,4612
Facundo Alejandro,Mamani,33479306,1992-10-20,300
Luciana Abigail,Basile,38033475,1988-06-07,1482
Mariano Agustin,Espinoza,28351191,1988-09-20,1475
Brisa Ailen,Mamani,22457816,2002-08-07,78
Milagros Lucia,Mamani,23118765,1998-09-24,6281
Ivan Alejandro,Rotman,35204954,1982-05-12,4405
Nicolas Ariel,Díaz,27341691,1995-09-06,7608
Lucas Ignacio,Ramírez,33682029,1991-10-02,4455
Alejo Agustin,Abadía,35250451,1988-10-04,6105
Sol Valentina,Rotman,27690074,1983-11-15,7887
Priscila Abril,Godoy,39964336,1998-11-27,5513
Luka,Hernández,35961015,1986-10-17,6364
Mauro,Sánchez,27405207,1996-09-09,7473
Facundo David,Gutiérrez,36978361,2003-03-29,1908
Agustin Sebastian,Fava,27002659,2002-04-14,7925
Jonathan Gabriel,Castro,38243641,2001-08-28,5808
Kevin Leonel,Raimundo,33659342,1981-03-30,2370
Camila Valentina,Lorca,21115370,1997-07-28,6802
Agustin Nahuel,Moreno,39519602,1987-08-19,2429
Tobias Valentín,Espinoza,37422059,1985-03-05,297
Brisa Antonella,Ibáñez,34395391,1986-03-24,2819
Gregorio,Ibáñez,33976369,2002-02-24,4263
Donato,Martínez,31809944,1998-07-09,6025
Axel Ariel,Muñoz,37720086,1993-01-04,2082
Martina Guadalupe,Ramírez,21309022,1993-05-19,9659
Melany,Amenedo,26735370,1985-10-03,4704
Maria Alejandra,Scanone,22995171,1990-05-07,6765
Pablo Sebastián,Salazar,28136954,2003-03-14,4225
Gabriela,Mora,24910374,1980-01-22,8417
Agustin Tomas,Rómulo,26655646,1981-02-14,4706
Abril Micaela,Portillo,26407741,2002-03-09,6893
Valentin Nicolas,Mamani,36750426,1994-09-23,4483
Camila Victoria,Lorenzo,30846998,1990-06-02,7102
Diego Ezequiel,Fazzi,20534446,1990-11-22,5503
Enzo Nicolás,Fornerón,22695104,1994-05-03,7959
Elias Benjamin,Rotman,28784887,2004-01-04,3530
Maximo Nicolas,Duarte,37722056,2001-05-03,8050
Camila Guadalupe,Morales,37532005,1999-01-02,6584
Berenice,Rivas,25435778,2004-06-11,6965
Luciano Martin,Vera,22418898,2002-07-22,1497
Valentina Pilar,Mariani,38470504,2001-01-21,1055
Brisa Agustina,Pereyra,33000111,1996-07-22,2121
Franco Martin,Sojero,26747188,1990-07-13,3377
Kevin Uriel,Rosso,30213849,2004-01-30,2451
Lucas Tomás,Andrade,20125831,1997-05-30,3755
Dylan Nahuel,Totora,36902723,1981-07-03,428
Marcos David,Rojas,38929512,1993-12-29,1691
Brisa Belen,Scanone,28271185,1985-02-14,4148
Federico Gabriel,Surace,33019078,2001-01-24,2551
Mirko,Goicochea,33499260,2004-08-16,7860
Tiago Ezequiel,Portillo,34266877,1995-05-21,1621
Natalia,Rivera,28153958,2003-07-19,6539
Matías Javier,Nari,24590160,1989-01-08,3070
Ariel Alejandro,Rebollo,35583263,1988-08-15,49
Solana,Farina,25055519,1980-10-04,1460
Milagros Celeste,Pavón,31417513,2003-05-27,7007
Luz,León,39835037,1997-07-03,833
Mia Abril,Andrade,33243682,1989-10-10,9004
Facundo Manuel,Saldaña,30528582,1990-09-26,3576
Guido,Pereira,31234604,1989-12-10,8757
Adrian,Villalba,36687668,1994-02-14,6912
Luciano Andres,Scanone,20221652,1990-04-28,5680
Milagros De Los Angeles,Díaz,26380574,1994-11-04,770
Candela Lucia,Moreno,36623166,1990-05-05,1690
Nahuel Nicolas,Marchi,36250043,1993-12-10,9057
Kevin Gabriel,Pedone,38786008,1999-05-19,6875
Gonzalo Benjamín,Maradona,20858550,1988-10-17,1943
Cristian David,Nari,28710933,2002-09-01,4347
Agustin Ignacio,Salamone,29571100,1993-05-29,4567
Lucas Damian,Rotman,35948186,1991-07-26,2933
Carlos Alberto,Totora,28509850,2000-10-01,7859
Juan Daniel,Sosa,20263171,2000-04-10,781
Elena,Silva,37222056,1992-01-20,3509
Kiara Agustina,Pineda,26003949,2002-07-19,1428
Matilda,Rodríguez,25175593,1989-06-08,6385
Abril Antonella,Casas,31502502,2002-06-01,2028
Lionel Agustin,Maradona,29656534,1989-08-21,7328
Segundo,Mancuso,22778131,1992-11-15,4820
Angela,Agüero,20203115,1990-08-08,8320
Rocio Abril,Casares,31812116,2002-05-20,8158
Daiana,Surace,37058285,1980-08-28,6440
Axel Maximiliano,Marini,27128992,1988-11-09,1903
Alan David,Farías,20745819,1990-12-11,9930
Florencia Micaela,Martínez,21769868,1988-02-19,7851
Diego Nicolas,García,23582695,1997-05-02,1733
Mauricio Nicolas,Pedone,35709683,1980-08-23,2443
Priscila Milagros,Vargas,30130497,2002-09-03,6330
Maria Catalina,Lorca,31302133,1999-06-07,3296
Axel Javier,Abadía,34976082,1995-03-24,2738
Victoria Valentina,Hernández,35720132,1992-10-24,8531
Martiniano,Rosso,26501136,1996-11-26,4220
Juan Diego,Pavón,24776457,1988-08-04,6825
Diego Armando,Lorca,24212103,1994-06-16,8793
Agustin Maximiliano,García,27375833,2002-07-01,4728
Maria Trinidad,Fornerón,20617941,1981-12-23,8068
Margarita,Duarte,28860763,1991-08-26,8925
Evelyn,Rebollo,20741927,1994-09-27,3516
Diego Martin,Varela,30779604,1990-12-31,5522
Alexis Sebastian,Pedone,33151855,1990-06-06,7962
Priscila Jazmin,Santana,21279549,1983-12-10,1685
Julieta Agustina,Loreto,28932059,1992-09-11,140
Brenda Abigail,Flores,34475554,2001-10-02,5683
German,Lorenzo,35816430,2004-07-19,4383
Axel Rodrigo,Basile,23373777,2000-03-29,924
Kevin Joel,Pereyra,39415851,1986-09-27,8856
Micaela Soledad,Hidalgo,29868313,1994-04-10,7213
Jose Fernando,Mejía,36013976,1984-07-20,4912
Francisco Ezequiel,González,32562496,1999-08-27,1650
Franco Javier,León,30174050,1999-07-30,3744
Federico Nahuel,Nave,39004528,1999-02-01,8323
Kevin Alejandro,Santana,27452410,1992-08-06,4498
Nicolas Daniel,Marini,36191602,1984-04-20,4429
Priscila Ailen,Giménez,25092198,1997-12-22,4036
Maria Elena,Rodríguez,32268848,1990-07-23,6744
Cristian Alejandro,Leiva,35765307,1980-12-31,2430
Celeste Milagros,Sorbera,25035317,1998-06-24,2133
Priscila Nicole,Sala,21191021,2002-05-07,4199
Maximo Joaquin,Rojas,26172836,1984-04-05,3199
Micaela Aylen,Silva,23172092,1985-02-03,6680
Ezequiel Nicolas,Castillo,36108865,1998-06-17,9188
Rocio Jazmin,Giordano,38504059,1984-11-15,9805
Candela Guadalupe,Godoy,34699384,2000-11-11,957
Franco Lautaro,Nave,37637253,1985-02-25,8729
Maria Mercedes,Giordano,32706870,1988-07-19,9977
Axel Sebastian,Santos,22092877,1987-01-04,8345
Kevin Ariel,Quispe,36204570,1995-01-22,2438
Candela Ailen,Martínez,24265477,1982-12-15,6779
Brandon Ezequiel,Saldaña,36819390,2004-05-27,4426
Juan Ramon,Castro,22997114,1981-12-30,4584
Angeles,Santana,28667409,1987-06-15,7866
Axel Benjamin,Morales,35439943,1992-03-14,5010
Faustina,Schapira,22794474,1991-05-05,4375
Axel Emanuel,Galán,24416520,1996-07-09,8049
Alina,Salem,22475363,1993-01-30,3512
Paula Valentina,Fornerón,20830497,1982-01-14,8171
Thiago Daniel,Marchi,20315029,1988-06-29,6024
Sabrina,Loreto,28445815,2003-08-10,9814
Nicolas Nahuel,Vargas,37310425,1995-04-14,7709
Pablo Daniel,Salazar,36157111,1995-12-31,3959
Nicolas Andres,Giménez,34152800,1990-05-30,5544
Maria Antonella,Santos,30216382,2001-03-21,2886
Martina Pilar,Hidalgo,35990560,1980-06-01,9924
Bautista Ezequiel,Schapira,25810756,1995-01-02,2968
Lara Agustina,Benítez,38686312,1987-06-23,9511
Joaquin Ariel,Mamani,24951808,1990-03-30,7391
Tomas Uriel,Godoy,27086161,2002-07-07,8761
Lautaro Maximiliano,Ramírez,26897790,1989-07-24,2448
Santiago Román,Godoy,38467733,1985-08-30,952
Valentina,Pérez,25821875,1985-02-25,8256
Santiago,Silva,22827665,1983-11-08,5341
Martina,Pérez,26058380,1998-05-15,8658
Joaquin,Muñoz,38391408,1986-12-09,2212
Juan Ignacio,Díaz,34375613,1982-05-27,3492
Sofia,Carrizo,30049476,1988-03-08,5166
Tomas,Rivas,33068210,1987-08-23,8089
Bautista,Loreto,25482762,1993-02-22,7870
Mateo,Pinedo,35628826,2001-05-08,5407
Catalina,Giménez,24106877,1983-05-29,1939
Benjamin,Moreno,30060844,1982-09-15,2095
Agustin,Raimundo,39233800,1983-07-11,2295
Santino,Castro,22232884,1987-08-19,4201
Juan Cruz,Borges,35547840,1981-01-24,3686
Camila,Rotman,30795301,1982-08-19,1442
Francisco,Farina,26440069,1996-11-01,8828
Ignacio,Lorca,30128208,1988-09-22,819
Lautaro,Marini,29223434,1986-07-16,9225
Juan Pablo,Salamone,25294067,1983-03-28,2819
Valentino,Fazzi,29848876,1989-10-26,1902
Lucia,Castro,26113720,1997-06-30,3706
Delfina,Rotman,38627146,2001-10-24,9228
Agustina,Schapira,31257726,1994-12-05,3267
Abril,Portillo,35411267,1984-03-23,8241
Victoria,Rivas,36969219,1993-11-14,9299
Guadalupe,Benítez,32160336,1999-05-22,5044
Nicolas,Leal,35159905,1987-08-02,6918
Valentín,Vasile,30670108,2002-05-22,5368
Julieta,Borges,24689353,2000-04-01,69
Morena,Vasile,31567958,1985-04-23,328
Candela,Rotman,25505942,1988-02-03,5002
Milagros,Lorca,22308620,1990-11-25,3608
Facundo,Nari,31513262,1984-12-08,1385
Matias,Espinoza,34037685,1989-05-14,3678
Maria Victoria,Marín,28553500,1991-08-30,4590
Josefina,Ibáñez,30862048,1984-07-07,5588
Franco,Nari,29483161,1990-08-28,4408
Juan Manuel,Contreras,29874500,1983-01-30,9849
Felipe,Sánchez,34545629,1995-01-30,8493
Juana,Sotomayor,27577302,2003-05-21,6214
Lucas,Valenzuela,36978267,1993-10-26,378
Maximo,Castillo,26037712,1990-10-04,1993
Pilar,Pérez,20923309,1998-01-20,5404
Juan Bautista,Sorbera,38856374,1981-10-11,5685
Lautaro Ezequiel,Salazar,26613589,2000-02-01,2284
Thiago,Hernández,38827881,1983-01-31,1857
Malena,Quispe,21153427,1992-06-16,4109
Lola,Fernández,38866964,1986-04-19,2347
Mia,Santana,38383538,2003-12-17,9404
Santiago Nicolas,Espinoza,30605430,1995-05-10,672
Matias Ezequiel,Moreno,25626248,1997-06-19,5685
Martin,Sorbera,21351300,1991-07-11,1267
Ana Paula,Andrade,39626178,1982-02-17,1504
Tomas Agustin,Amenedo,38796761,2004-07-07,1690
Manuel,González,25447932,2002-05-18,4914
Agostina,Moreno,36988695,1994-12-06,5194
Ramiro,Silva,32316172,2000-10-08,4078
Constanza,Rosso,33718498,1989-11-28,4412
Maria Belen,Sberna,38853412,1993-01-10,8677
Luca,Amenedo,24326867,1983-01-15,815
Bruno,Muñoz,23537503,2000-02-16,5927
Micaela,Jiménez,30871336,1992-05-30,510
Lara,Mamani,36830146,1997-11-02,1283
Federico,Lorenzo,21991588,2000-05-16,2277
Lautaro Agustin,Valenzuela,33178073,1999-03-15,6542
Julian,Soto,21771622,1997-03-21,6095
Lautaro Nicolas,Marini,25993309,2000-10-12,3965
Bianca,Pedone,34564400,1981-02-28,1537
Tobías,Goicochea,24608496,1984-02-07,5387
Renata,Pedone,20027123,1984-01-09,4483
Pedro,Leiva,27967097,1991-12-02,130
Gonzalo,Huarte,28507688,2002-07-20,8441
Sofía Belén,Morales,29141685,1993-08-27,5272
Lautaro Benjamin,Villalba,32050920,2003-11-19,1838
Florencia,Sorbera,22196410,1990-10-20,5773
Juan Gabriel,Nari,21346998,1980-06-01,2062
Rocio Belen,Sojero,39286006,1999-02-14,9931
Lautaro Nahuel,Marini,24301996,1999-05-14,4441
Miguel Angel,Scioti,27653498,1992-08-06,6638
Santiago Agustin,Valenzuela,27307133,1987-07-18,1492
Sebastian,Marchi,34634544,1988-01-22,9447
Emilia,Salazar,22984928,2001-04-15,8646
Jazmin,Rosso,39298497,1982-10-09,7791
Clara,Castro,36587502,2000-12-05,9247
Camila Belen,Rosso,33276993,1988-02-04,6860
Jeremias,Casares,36093189,1986-05-20,8777
Mora,Salem,31233216,1997-06-04,6451
Luciano,Mancuso,30814679,2000-11-21,4933
Alejo,Fazzi,31729655,1991-08-17,3594
Julia,Gómez,38779657,1999-03-23,4958
Maria Valentina,Vera,31619432,1987-04-30,8996
Rocio,Fava,39077596,1982-09-28,2181
Antonella,Saldaña,33536267,1997-07-31,883
Simon,Leal,23506048,1999-08-16,9831
Maria Sol,Demichelis,21911971,1991-09-15,8331
Lucas Ezequiel,Rosso,36590046,1983-08-04,1800
Maria De Los Angeles,Rebollo,28030745,1996-07-06,2869
Guillermina,Nave,39264520,1981-12-26,3941
Valentina Abril,Santana,23207730,1985-05-23,3522
Matias Nicolas,Valenzuela,36762273,1981-07-15,7120
Paloma,Silva,21654677,1995-09-23,4497
Maria Emilia,Sorbera,33082626,1996-12-24,8944
Juan Martin,Loreto,24968297,1994-02-23,327
Ezequiel,Rojas,34932801,1988-07-26,4102
Facundo Nicolas,Farina,23191741,1997-11-02,8828
Paulina,Ibáñez,29629749,1988-06-11,4438
Maria Jose,Nave,20221779,2003-03-05,8685
Juan David,Vasile,32267300,1982-02-19,4288
Lautaro Gabriel,Díaz,37252725,1984-01-04,7753
Juan Jose,Mancuso,22664631,2000-05-15,2065
Tiziano,Saldaña,39659114,1982-03-06,6607
Lorenzo,Marín,25825976,2002-05-21,1699
Santiago Ezequiel,Pavón,23133453,1991-10-20,6119
Maria Luz,Muñoz,27236677,1989-04-18,1131
Lourdes,Scioti,34260309,2001-08-24,8916
Agustin Ezequiel,Abadía,32688353,2003-06-20,5949
Angelina,Schapira,34251348,1982-04-21,8925
Ludmila,Casares,20434288,1993-10-01,9101
Maria Paz,Varela,22445797,1980-01-08,8312
Priscila,Reyes,24412733,1992-04-25,9516
Milagros Belén,Mancuso,24999023,2003-04-24,498
Marcos,Nari,28729856,1992-09-12,5048
Nahuel,Santana,26184314,1996-04-11,7298
Milena,Pereira,30592730,1991-08-15,2166
Luciana,Fazzi,25401069,2003-11-05,2552
Agustina Belen,Loreto,30282720,1996-10-02,1218
Tomas Ezequiel,Varela,26352765,1989-06-16,9490
Nicolas Agustin,Sotomayor,33328527,1989-11-15,2325
Giuliana,Fazzi,33505079,1980-11-07,3543
Santiago Gabriel,Martínez,26737477,1996-09-26,7931
Juliana,Zurich,32239447,1993-11-05,5496
Ivan,Rotundo,32841079,1991-08-10,5981
Maximiliano,Borges,29050034,1982-03-18,4789
Maria Guadalupe,Portillo,38936932,2004-06-26,2617
Isabella,Rotman,21927141,2000-12-08,2549
Santiago Tomas,Marín,38814116,1980-08-14,6254
Angel Gabriel,Ramírez,28377447,1982-11-19,7204
Jose Luis,Muñoz,35414668,1995-10-16,6646
Santiago Nahuel,Varela,35755111,2001-12-02,1931
Gabriel Alejandro,Marín,27011859,1995-07-31,9846
Tiago,Jiménez,25754343,1991-12-19,2378
Joaquín Ignacio,Ibáñez,20003928,1998-09-03,4419
Carolina,Scioti,30305333,2000-06-25,4838
Candelaria,Marchi,34685297,2000-02-23,9890
Octavio,Sánchez,21338264,2002-06-19,134
Jose Ignacio,De Luca,27680535,1990-06-28,8802
Sol,De Luca,31376673,1990-10-15,158
Juan,Castro,39518427,2004-04-23,2172
Lucia Belen,Castillo,22255724,1994-01-24,6217
Dante,Rodríguez,22533776,1981-08-18,9206
Franco Ezequiel,Delgado,26535113,2004-02-04,1657
Lucas Gabriel,Casas,32742957,1987-03-26,7528
Lautaro Joaquin,Gómez,37055976,1994-07-18,497
Juan Francisco,Benítez,23893652,1989-11-18,7077
Geronimo,Sorbera,23330302,1992-09-24,9806
Emiliano,Demichelis,22300895,2002-11-03,6918
Emma,Nari,36483322,1990-12-07,4523
Gabriel,Abadía,33365202,1985-10-21,6064
Maria Agustina,Marchi,32726555,1997-05-02,6691
Agustin Nicolas,Pedone,38106901,1986-01-13,6654
Olivia,Nave,23350236,1984-09-27,9925
Rodrigo Alejandro,Casares,25350589,1991-11-30,7569
Nicolas Ezequiel,Ibáñez,25127075,1984-09-08,872
Maria Eugenia,Fornerón,26827144,1983-08-13,1625
Joaquin Ezequiel,Hoffmann,21357616,2003-07-08,7712
Lautaro Daniel,Goicochea,38495587,1985-09-10,612
Juan Carlos,Rosso,32045050,1983-03-15,9
Maia,Benítez,21474643,1984-07-02,689
Milagros Valentina,Salvador,29321466,1991-08-24,1820
Milagros Abril,Raimundo,27171943,1991-02-10,9623
Franco Agustin,De León,27078853,1981-08-18,2286
Brisa,Sánchez,31755137,1983-05-28,8690
Leonel,Martínez,21176501,1988-03-06,8324
Zoe,Amenedo,29506789,1994-04-27,5837
Augusto,Fernández,26114743,1995-04-19,9028
Lisandro,Fornerón,36080199,1996-07-09,4438
Abigail,Sotomayor,37411977,2004-04-04,9309
Lucio,Sala,28199801,1993-11-19,5839
Alma,Marchi,29701065,1990-10-22,7764
Amparo,Quispe,23319811,2000-01-25,4016
Facundo Ezequiel,Fava,22901465,2000-06-30,3929
Salvador,Leiva,28503166,1992-01-02,1729
Rodrigo,Agüero,36306392,1999-07-30,9213
Thiago Agustin,Basile,26528775,1995-05-12,5860
Matias Nahuel,Hidalgo,37277817,1997-09-24,2599
Franco Nicolas,Huarte,22507295,2004-08-03,1907
Gonzalo Ezequiel,D'Elia,39069366,2001-12-09,664
Ignacio Agustin,Pinedo,34120995,1995-06-10,5139
Lautaro Leonel,Moreno,33667064,2004-06-21,6920
Magali,Rojas,30486625,1998-03-11,5673
Matias Agustin,Scanone,25687335,1986-05-14,4153
Santiago Benjamín,Ramírez,35042336,1980-02-19,912
Milagros Ayelen,Nave,34576978,1988-05-15,7124
Milagros Abigail,García,25956922,1994-11-20,6798
Tiziana,Pinedo,24434508,1986-04-27,6165
Maitena,López,39469790,1993-09-07,5877
Santiago Ariel,Varela,26182168,1983-06-30,4815
Tatiana,Huergo,34077004,1987-08-29,5590
Valentina Abigail,Pineda,39909104,2000-09-16,7225
Maria Milagros,Farina,33933627,1993-03-02,3900
Tomas Benjamin,Casares,34827254,2000-09-12,9988
Santiago Martin,Pineda,30561682,1982-12-18,8503
Rodrigo Ezequiel,Quispe,22806426,2002-12-13,2365
Melina,Castro,36448643,1987-11-13,918
Paula,Álvarez,22583246,2004-06-24,5595
